Workbook
Name ③楽曲追加画面: [1]!CNT
Name ③楽曲追加画面: [1]!CNT
Name ③楽曲追加画面: [1]!CNT
Name ③楽曲追加画面: [1]!CNT
Name ③楽曲追加画面: [1]!CNT
Name ③楽曲追加画面: [1]!CNT
Name a: [1]!CNT
Name a: [1]!CNT
Name a: [1]!CNT
Name blank: [2]パーティション設計シート!$M$2
Name boot: [2]パーティション設計シート!$M$1:$M$2
Name BOX: [3]ハードウェアリスト!#REF!
Name BOX: [3]ハードウェアリスト!#REF!
Name BOX: [3]ハードウェアリスト!#REF!
Name BOX: [3]ハードウェアリスト!#REF!
Name BOX: [3]ハードウェアリスト!#REF!
Name BOXRPSU: [2]ハードウェアリスト!$E$43:$E$44
Name CNT: [1]!CNT
Name CNT: [1]!CNT
Name CNT: [1]!CNT
Name CNT: [1]!CNT
Name CNT: [1]!CNT
Name CNT: [1]!CNT
Name CNT: [1]!CNT
Name CPU: [2]ハードウェアリスト!$E$12:$E$14
Name CPU_1000: #REF!
Name CPU_1000: #REF!
Name CPU_1000: #REF!
Name CPU_1000: #REF!
Name CPU_1000: #REF!
Name ｄ: [1]!CNT
Name ｄｇｇｇ: [1]!CNT
Name ｄｇｇｇ: [1]!CNT
Name DISK: [2]ハードウェアリスト!$E$20:$E$23
Name GP7L0A1A: [4]ハードウェア!#REF!
Name GP7L0A1A: [4]ハードウェア!#REF!
Name GP7L0A1A: [4]ハードウェア!#REF!
Name GP7L0A1A: [4]ハードウェア!#REF!
Name GP7L0A1A: [4]ハードウェア!#REF!
Name GP7L7SB1: [4]ハードウェア!#REF!
Name GP7L7SB1: [4]ハードウェア!#REF!
Name GP7L7SB1: [4]ハードウェア!#REF!
Name GP7L7SB1: [4]ハードウェア!#REF!
Name GP7L7SB1: [4]ハードウェア!#REF!
Name GP7L7SB11: [4]ハードウェア!#REF!
Name GP7L7SB11: [4]ハードウェア!#REF!
Name GP7L7SB11: [4]ハードウェア!#REF!
Name GP7L7SB11: [4]ハードウェア!#REF!
Name GP7L7SB11: [4]ハードウェア!#REF!
Name GP7N1A11A: [4]ハードウェア!#REF!
Name GP7N1A11A: [4]ハードウェア!#REF!
Name GP7N1A11A: [4]ハードウェア!#REF!
Name GP7N1A11A: [4]ハードウェア!#REF!
Name GP7N1A11A: [4]ハードウェア!#REF!
Name GP7N2M51: [4]ハードウェア!#REF!
Name GP7N2M51: [4]ハードウェア!#REF!
Name GP7N2M51: [4]ハードウェア!#REF!
Name GP7N2M51: [4]ハードウェア!#REF!
Name GP7N2M51: [4]ハードウェア!#REF!
Name GP7N7CL1: [4]ハードウェア!#REF!

Sheet 改版履歴
B2: 楽曲検索システム | L2: システム | R2: サブシステム | X2: プログラム | AD2: 改版履歴 | AL2: 作成日 | AP2: 更新日 | AT2: 担当者 | AY2: 版数
L3: ID | R3: ID | X3: ID | AL3: =E7 -> 46139 | AP3: 46177 | AT3: =K7 -> 野村 翼 | AY3: ="第"&TEXT(MAX(R7:V36),"0.0")&"版" -> 第1.6版
C6: № | E6: 変更日 | K6: 修正者 | R6: 版数 | W6: 修正個所
C7: 1 | E7: 46139 | K7: 野村 翼 | R7: 1 | W7: 新規作成
C8: =C7+1 -> 2 | E8: 46139 | K8: 野村 翼 | R8: 1.1 | W8: 新規登録画面を追加
C9: =C8+1 -> 3 | E9: 46139 | K9: 野村 翼 | R9: 1.2 | W9: 新規登録画面,楽曲変更,削除のダイアログを作成。桁数を調整。
C10: =C9+1 -> 4 | E10: 46139 | K10: 野村 翼 | R10: 1.3 | W10: 入力チェックの追加,削除対象の修正
C11: =C10+1 -> 5 | E11: 46153 | K11: 野村 翼 | R11: 1.4 | W11: 楽曲検索画面と検索結果表示画面の統合
C12: =C11+1 -> 6 | E12: 46167 | K12: 野村 翼 | R12: 1.5 | W12: 年代のプルダウンを削除(選択肢が多すぎるため)。ログイン画面の桁数を調整
C13: =C12+1 -> 7 | E13: 46177 | K13: 野村 翼 | R13: 1.6 | W13: 一覧表の追加
C14: =C13+1 -> 8
C15: =C14+1 -> 9
C16: =C15+1 -> 10
C17: =C16+1 -> 11
C18: =C17+1 -> 12
C19: =C18+1 -> 13
C20: =C19+1 -> 14
C21: =C20+1 -> 15
C22: =C21+1 -> 16
C23: =C22+1 -> 17
C24: =C23+1 -> 18
C25: =C24+1 -> 19
... C36: =C35+1 -> 30

Sheet パス一覧
A1: パス一覧(ファイルの場所) | E1: ※主要なファイルのみ抜粋
A3: sample001 | B3: → | C3: Controllers | D3: → | E3: BaseController.cs
B4: ↓ | D4: → | E4: HomeController.cs
B5: ↓ | D5: → | E5: LoginController.cs
B6: ↓
B7: → | C7: Models | D7: → | E7: Entity | F7: → | G7: MTLoginEntity.cs
B8: ↓ | D8: ↓ | F8: → | G8: MTSongEntity.cs
B9: ↓ | D9: ↓
B10: ↓ | D10: → | E10: CommonModel.cs
B11: ↓ | D11: → | E11: ErrorViewModel.cs
B12: ↓ | D12: → | E12: SongDbContext.cs
B13: ↓
B14: → | C14: Services | D14: → | E14: SongModel.cs
B15: ↓
B16: → | C16: ViewModel | D16: → | E16: LoginViewModel.cs
B17: ↓ | D17: → | E17: SongEditViewModel.cs
B18: ↓ | D18: → | E18: SongIndexViewModel.cs
B19: ↓ | G19: ※基本設計書の部分
B20: → | C20: Views | D20: → | E20: Home | F20: → | G20: Edit.cshtml
D21: ↓ | F21: → | G21: Index.cshtml
D22: ↓ | F22: → | G22: Privacy.cshtml
D23: ↓
D24: → | E24: Login | F24: → | G24: Edit.cshtml
D25: ↓ | F25: → | G25: Login.cshtml
D26: ↓
D27: → | E27: Shared | F27: → | G27: Error.cshtml
D28: ↓ | F28: → | G28: _Layout.cshtml
D29: ↓ | F29: → | G29: _Layout.cshtml.css
D30: ↓ | F30: → | G30: _ValidationScriptsPartial.cshtml
D31: ↓
D32: → | E32: _ViewImports.cshtml
D33: → | E33: _ViewStart.cshtml

Sheet ①ログイン画面
B2: =改版履歴!B2 -> 楽曲検索システム | L2: =改版履歴!L2 -> システム | R2: =改版履歴!R2 -> サブシステム | X2: =改版履歴!X2 -> プログラム | AD2: =MID(CELL("filename",$A$1),FIND("]",CELL("filename",$A$1))+1,31) -> ①ログイン画面 | AL2: 作成日 | AP2: 更新日 | AT2: 担当者 | AY2: 版数
L3: ID | M3: =IF(改版履歴!M3=0,"",改版履歴!M3) | R3: ID | S3: =IF(改版履歴!S3=0,"",改版履歴!S3) | X3: ID | Y3: =IF(改版履歴!Y3=0,"",改版履歴!Y3) | AL3: =改版履歴!AL3 -> 46139 | AP3: =改版履歴!AP3 -> 46177 | AT3: =改版履歴!AT3 -> 野村 翼 | AY3: =改版履歴!AY3 -> 第1.6版
B5: 画面レイアウト
B53: No | C53: 項目名 | I53: 項目タイプ | M53: I/O | O53: 桁数 | Q53: デフォルト値 | X53: フォーマット | AE53: 備考 | AV53: 対応箇所(Login.cshtml)
B54: =ROW()-53 -> 1 | C54: 新規登録 | I54: リンク | M54: O | O54: - | AE54: ユーザーの新規登録画面へ遷移する。 | AV54: 24～29行
B55: =ROW()-53 -> 2 | C55: ユーザー名 | I55: テキスト | M55: I | O55: 20 | AE55: ※必須 | AV55: 15～18行
B56: =ROW()-53 -> 3 | C56: パスワード | I56: パスワード | M56: I | O56: 20 | AE56: ※必須 | AV56: 19～22行
B57: =ROW()-53 -> 4 | C57: ログイン | I57: ボタン | M57: - | O57: - | AE57: ID、パスワードで認証を行い、問題なければ曲検索画面へ遷移する。 | AV57: 23行

Sheet ②新規登録画面
B2: =改版履歴!B2 -> 楽曲検索システム | L2: =改版履歴!L2 -> システム | R2: =改版履歴!R2 -> サブシステム | X2: =改版履歴!X2 -> プログラム | AD2: =MID(CELL("filename",$A$1),FIND("]",CELL("filename",$A$1))+1,31) -> ②新規登録画面 | AL2: 作成日 | AP2: 更新日 | AT2: 担当者 | AY2: 版数
L3: ID | M3: =IF(改版履歴!M3=0,"",改版履歴!M3) | R3: ID | S3: =IF(改版履歴!S3=0,"",改版履歴!S3) | X3: ID | Y3: =IF(改版履歴!Y3=0,"",改版履歴!Y3) | AL3: =改版履歴!AL3 -> 46139 | AP3: =改版履歴!AP3 -> 46177 | AT3: =改版履歴!AT3 -> 野村 翼 | AY3: =改版履歴!AY3 -> 第1.6版
B5: 画面レイアウト
B53: No | C53: 項目名 | I53: 項目タイプ | M53: I/O | O53: 桁数 | Q53: デフォルト値 | X53: フォーマット | AE53: 備考 | AV53: 対応箇所(LEdit.cshtml)
B54: =ROW()-53 -> 1 | C54: ログイン | I54: リンク | M54: O | O54: - | AE54: ログイン画面へ遷移する。 | AV54: 11行
B55: =ROW()-53 -> 2 | C55: ユーザー名 | I55: テキスト | M55: I | O55: 20 | AE55: ※必須 | AV55: 16～19行
B56: =ROW()-53 -> 3 | C56: パスワード | I56: パスワード | M56: I | O56: 20 | AE56: ※必須 | AV56: 20～23行
B57: =ROW()-53 -> 4 | C57: 新規作成 | I57: ボタン | M57: - | O57: - | AE57: 登録確認ダイアログを表示する | AV57: 24行

Sheet ②登録確認ダイアログ
B2: =改版履歴!B2 -> 楽曲検索システム | L2: =改版履歴!L2 -> システム | R2: =改版履歴!R2 -> サブシステム | X2: =改版履歴!X2 -> プログラム | AD2: =MID(CELL("filename",$A$1),FIND("]",CELL("filename",$A$1))+1,31) -> ②登録確認ダイアログ | AL2: 作成日 | AP2: 更新日 | AT2: 担当者 | AY2: 版数
L3: ID | M3: =IF(改版履歴!M3=0,"",改版履歴!M3) | R3: ID | S3: =IF(改版履歴!S3=0,"",改版履歴!S3) | X3: ID | Y3: =IF(改版履歴!Y3=0,"",改版履歴!Y3) | AL3: =改版履歴!AL3 -> 46139 | AP3: =改版履歴!AP3 -> 46177 | AT3: =改版履歴!AT3 -> 野村 翼 | AY3: =改版履歴!AY3 -> 第1.6版
B5: 画面レイアウト
B53: No | C53: 項目名 | I53: 項目タイプ | M53: I/O | O53: 桁数 | Q53: デフォルト値 | X53: フォーマット | AE53: 備考 | AV53: 対応箇所(LEdit.cshtml)
B54: =ROW()-53 -> 1 | C54: OK | I54: ボタン | M54: - | O54: - | AE54: データベースを更新する | AV54: 24行
B55: =ROW()-53 -> 2 | C55: キャンセル | I55: ボタン | M55: - | O55: - | AE55: 前の画面へ遷移する | AV55: 24行

Sheet ③楽曲検索画面
B2: =改版履歴!B2 -> 楽曲検索システム | L2: =改版履歴!L2 -> システム | R2: =改版履歴!R2 -> サブシステム | X2: =改版履歴!X2 -> プログラム | AD2: =MID(CELL("filename",$A$1),FIND("]",CELL("filename",$A$1))+1,31) -> ③楽曲検索画面 | AL2: 作成日 | AP2: 更新日 | AT2: 担当者 | AY2: 版数
L3: ID | M3: =IF(改版履歴!M3=0,"",改版履歴!M3) | R3: ID | S3: =IF(改版履歴!S3=0,"",改版履歴!S3) | X3: ID | Y3: =IF(改版履歴!Y3=0,"",改版履歴!Y3) | AL3: =改版履歴!AL3 -> 46139 | AP3: =改版履歴!AP3 -> 46177 | AT3: =改版履歴!AT3 -> 野村 翼 | AY3: =改版履歴!AY3 -> 第1.6版
B5: 画面レイアウト
B52: No | C52: 項目名 | I52: 項目タイプ | M52: I/O | O52: 桁数 | Q52: デフォルト値 | X52: フォーマット | AE52: 備考 | AV52: 対応箇所(Index.cshtml)
B53: =ROW()-53 -> 0 | C53: 上部メニュー | M53: - | O53: - | AV53: _Layout.cshtml(この区間のみ)
B54: =ROW()-53 -> 1 | D54: Home | I54: リンク | M54: - | O54: - | AE54: 楽曲検索画面へ遷移する | AW54: 23～25行
B55: =ROW()-53 -> 2 | D55: Privacy | I55: リンク | M55: - | O55: - | AE55: デフォルトのPrivacy画面へ遷移する | AW55: 26～28行
B56: =ROW()-53 -> 3 | C56: キーワード | I56: テキスト | M56: I | O56: 200 | AV56: 11行
B57: =ROW()-53 -> 4 | C57: 検索 | I57: ボタン | M57: - | O57: - | AE57: 曲名で検索を行い、検索結果を表示する。 | AV57: 12行
B58: =ROW()-53 -> 5 | C58: ↓ | I58: ボタン | M58: - | O58: - | AE58: 詳細を表示する | AV58: 42～47行,71～81行
B59: =ROW()-53 -> 6 | C59: 詳細 | M59: - | O59: - | AV59: 49～65行
B60: =ROW()-53 -> 7 | D60: 変更する | I60: ボタン | M60: - | O60: - | AE60: 楽曲管理画面(編集モード)へ遷移する | AV60: 58～62行
B61: =ROW()-53 -> 8 | D61: ↑ | I61: ボタン | M61: - | O61: - | AE61: 詳細を閉じる | AV61: 42～47行,71～81行
B62: =ROW()-53 -> 9 | C62: 追加 | I62: ボタン | M62: - | O62: - | AE62: 楽曲管理画面(編集モード)へ遷移する | AV62: 16～20行

Sheet ④楽曲管理画面
B2: =改版履歴!B2 -> 楽曲検索システム | L2: =改版履歴!L2 -> システム | R2: =改版履歴!R2 -> サブシステム | X2: =改版履歴!X2 -> プログラム | AD2: =MID(CELL("filename",$A$1),FIND("]",CELL("filename",$A$1))+1,31) -> ④楽曲管理画面 | AL2: 作成日 | AP2: 更新日 | AT2: 担当者 | AY2: 版数
L3: ID | M3: =IF(改版履歴!M3=0,"",改版履歴!M3) | R3: ID | S3: =IF(改版履歴!S3=0,"",改版履歴!S3) | X3: ID | Y3: =IF(改版履歴!Y3=0,"",改版履歴!Y3) | AL3: =改版履歴!AL3 -> 46139 | AP3: =改版履歴!AP3 -> 46177 | AT3: =改版履歴!AT3 -> 野村 翼 | AY3: =改版履歴!AY3 -> 第1.6版
B5: 画面レイアウト
B52: No | C52: 項目名 | I52: 項目タイプ | M52: I/O | O52: 桁数 | Q52: デフォルト値 | X52: フォーマット | AE52: 備考 | AV52: 対応箇所(HEdit.cshtml)
B53: =ROW()-53 -> 0 | C53: 上部メニュー | M53: - | O53: - | AE53: 楽曲検索画面を参照
B54: =ROW()-53 -> 1 | C54: 企業管理共通 | M54: - | O54: -
B55: =ROW()-53 -> 2 | D55: 曲名 | I55: テキスト | M55: I/O | O55: 50 | AE55: ※必須 | AV55: 17～21行
B56: =ROW()-53 -> 3 | D56: グループ名 | I56: テキスト | M56: I/O | O56: 20 | AE56: ※必須 | AV56: 22～26行
B57: =ROW()-53 -> 4 | D57: 作曲者名 | I57: テキスト | M57: I/O | O57: 20 | AV57: 27～31行
B58: =ROW()-53 -> 5 | D58: 年代 | I58: テキスト | M58: I/O | O58: 4 | X58: 数字 | AV58: 32～36行
B59: =ROW()-53 -> 6 | D59: 歌詞 | I59: テキスト | M59: I/O | O59: 1000 | AV59: 37～41行
B60: =ROW()-53 -> 7 | C60: 変更する | I60: ボタン | M60: - | O60: - | AE60: 変更確認ダイアログを表示する | AV60: 42行
B61: =ROW()-53 -> 8 | C61: 削除する | I61: ボタン | M61: - | O61: - | AE61: 削除確認ダイアログを表示する | AV61: 44行
B62: =ROW()-53 -> 9 | C62: 戻る | I62: ボタン | M62: - | AE62: 前の画面へ遷移する | AV62: 9行

Sheet ⑤変更確認ダイアログ
B2: =改版履歴!B2 -> 楽曲検索システム | L2: =改版履歴!L2 -> システム | R2: =改版履歴!R2 -> サブシステム | X2: =改版履歴!X2 -> プログラム | AD2: =MID(CELL("filename",$A$1),FIND("]",CELL("filename",$A$1))+1,31) -> ⑤変更確認ダイアログ | AL2: 作成日 | AP2: 更新日 | AT2: 担当者 | AY2: 版数
L3: ID | M3: =IF(改版履歴!M3=0,"",改版履歴!M3) | R3: ID | S3: =IF(改版履歴!S3=0,"",改版履歴!S3) | X3: ID | Y3: =IF(改版履歴!Y3=0,"",改版履歴!Y3) | AL3: =改版履歴!AL3 -> 46139 | AP3: =改版履歴!AP3 -> 46177 | AT3: =改版履歴!AT3 -> 野村 翼 | AY3: =改版履歴!AY3 -> 第1.6版
B5: 画面レイアウト
B52: No | C52: 項目名 | I52: 項目タイプ | M52: I/O | O52: 桁数 | Q52: デフォルト値 | X52: フォーマット | AE52: 備考 | AV52: 対応箇所(HEdit.cshtml)
B53: =ROW()-53 -> 0 | C53: OK | I53: ボタン | M53: - | O53: - | AE53: データベースを更新する | AV53: 42行
B54: =ROW()-53 -> 1 | C54: キャンセル | I54: ボタン | M54: - | O54: - | AE54: 前の画面へ遷移する | AV54: 42行

Sheet ⑥削除確認ダイアログ
B2: =改版履歴!B2 -> 楽曲検索システム | L2: =改版履歴!L2 -> システム | R2: =改版履歴!R2 -> サブシステム | X2: =改版履歴!X2 -> プログラム | AD2: =MID(CELL("filename",$A$1),FIND("]",CELL("filename",$A$1))+1,31) -> ⑥削除確認ダイアログ | AL2: 作成日 | AP2: 更新日 | AT2: 担当者 | AY2: 版数
L3: ID | M3: =IF(改版履歴!M3=0,"",改版履歴!M3) | R3: ID | S3: =IF(改版履歴!S3=0,"",改版履歴!S3) | X3: ID | Y3: =IF(改版履歴!Y3=0,"",改版履歴!Y3) | AL3: =改版履歴!AL3 -> 46139 | AP3: =改版履歴!AP3 -> 46177 | AT3: =改版履歴!AT3 -> 野村 翼 | AY3: =改版履歴!AY3 -> 第1.6版
B5: 画面レイアウト
B52: No | C52: 項目名 | I52: 項目タイプ | M52: I/O | O52: 桁数 | Q52: デフォルト値 | X52: フォーマット | AE52: 備考 | AV52: 対応箇所(HEdit.cshtml)
B53: =ROW()-53 -> 0 | C53: OK | I53: ボタン | M53: - | O53: - | AE53: 対象レコードを削除する | AV53: 44行
B54: =ROW()-53 -> 1 | C54: キャンセル | I54: ボタン | M54: - | O54: - | AE54: 前の画面へ遷移する | AV54: 44行
